# SPOT, PRICE, DELTA
2.000000000000000000e+01,2.000000000000000000e+01,-1.000000000000000000e+00
2.004004004004004003e+01,1.995995995995995997e+01,-1.000000000000000000e+00
2.008008008008008005e+01,1.991991991991991995e+01,-1.000000000000000000e+00
2.012012012012012008e+01,1.987987987987987992e+01,-1.000000000000000000e+00
2.016016016016016010e+01,1.983983983983983990e+01,-1.000000000000000000e+00
2.020020020020020013e+01,1.979979979979979987e+01,-1.000000000000000000e+00
2.024024024024024015e+01,1.975975975975975985e+01,-1.000000000000000000e+00
2.028028028028028018e+01,1.971971971971971982e+01,-1.000000000000000000e+00
2.032032032032032021e+01,1.967967967967967979e+01,-1.000000000000000000e+00
2.036036036036036023e+01,1.963963963963963977e+01,-1.000000000000000000e+00
2.040040040040040026e+01,1.959959959959959974e+01,-1.000000000000000000e+00
2.044044044044044028e+01,1.955955955955955972e+01,-1.000000000000000000e+00
2.048048048048048031e+01,1.951951951951951969e+01,-1.000000000000000000e+00
2.052052052052052034e+01,1.947947947947947966e+01,-1.000000000000000000e+00
2.056056056056056036e+01,1.943943943943943964e+01,-1.000000000000000000e+00
2.060060060060060039e+01,1.939939939939939961e+01,-1.000000000000000000e+00
2.064064064064064041e+01,1.935935935935935959e+01,-1.000000000000000000e+00
2.068068068068068044e+01,1.931931931931931956e+01,-1.000000000000000000e+00
2.072072072072072046e+01,1.927927927927927954e+01,-1.000000000000000000e+00
2.076076076076076049e+01,1.923923923923923951e+01,-1.000000000000000000e+00
2.080080080080080052e+01,1.919919919919919948e+01,-1.000000000000000000e+00
2.084084084084084054e+01,1.915915915915915946e+01,-1.000000000000000000e+00
2.088088088088088057e+01,1.911911911911911943e+01,-1.000000000000000000e+00
2.092092092092092059e+01,1.907907907907907941e+01,-1.000000000000000000e+00
2.096096096096096062e+01,1.903903903903903938e+01,-1.000000000000000000e+00
2.100100100100100065e+01,1.899899899899899935e+01,-1.000000000000000000e+00
2.104104104104104067e+01,1.895895895895895933e+01,-1.000000000000000000e+00
2.108108108108108070e+01,1.891891891891891930e+01,-1.000000000000000000e+00
2.112112112112112072e+01,1.887887887887887928e+01,-1.000000000000000000e+00
2.116116116116116075e+01,1.883883883883883925e+01,-1.000000000000000000e+00
2.120120120120120077e+01,1.879879879879879923e+01,-1.000000000000000000e+00
2.124124124124124080e+01,1.875875875875875920e+01,-1.000000000000000000e+00
2.128128128128128083e+01,1.871871871871871917e+01,-1.000000000000000000e+00
2.132132132132132085e+01,1.867867867867867915e+01,-1.000000000000000000e+00
2.136136136136136088e+01,1.863863863863863912e+01,-1.000000000000000000e+00
2.140140140140140090e+01,1.859859859859859910e+01,-1.000000000000000000e+00
2.144144144144144093e+01,1.855855855855855907e+01,-1.000000000000000000e+00
2.148148148148148096e+01,1.851851851851851904e+01,-1.000000000000000000e+00
2.152152152152152098e+01,1.847847847847847902e+01,-1.000000000000000000e+00
2.156156156156156101e+01,1.843843843843843899e+01,-1.000000000000000000e+00
2.160160160160160103e+01,1.839839839839839897e+01,-1.000000000000000000e+00
2.164164164164164106e+01,1.835835835835835894e+01,-1.000000000000000000e+00
2.168168168168168108e+01,1.831831831831831892e+01,-1.000000000000000000e+00
2.172172172172172111e+01,1.827827827827827889e+01,-1.000000000000000000e+00
2.176176176176176114e+01,1.823823823823823886e+01,-1.000000000000000000e+00
2.180180180180180116e+01,1.819819819819819884e+01,-1.000000000000000000e+00
2.184184184184184119e+01,1.815815815815815881e+01,-1.000000000000000000e+00
2.188188188188188121e+01,1.811811811811811879e+01,-1.000000000000000000e+00
2.192192192192192124e+01,1.807807807807807876e+01,-1.000000000000000000e+00
2.196196196196196126e+01,1.803803803803803874e+01,-1.000000000000000000e+00
2.200200200200200129e+01,1.799799799799799871e+01,-1.000000000000000000e+00
2.204204204204204132e+01,1.795795795795795868e+01,-1.000000000000000000e+00
2.208208208208208134e+01,1.791791791791791866e+01,-1.000000000000000000e+00
2.212212212212212137e+01,1.787787787787787863e+01,-1.000000000000000000e+00
2.216216216216216139e+01,1.783783783783783861e+01,-1.000000000000000000e+00
2.220220220220220142e+01,1.779779779779779858e+01,-1.000000000000000000e+00
2.224224224224224145e+01,1.775775775775775855e+01,-1.000000000000000000e+00
2.228228228228228147e+01,1.771771771771771853e+01,-1.000000000000000000e+00
2.232232232232232150e+01,1.767767767767767850e+01,-1.000000000000000000e+00
2.236236236236236152e+01,1.763763763763763848e+01,-1.000000000000000000e+00
2.240240240240240155e+01,1.759759759759759845e+01,-1.000000000000000000e+00
2.244244244244244157e+01,1.755755755755755843e+01,-1.000000000000000000e+00
2.248248248248248160e+01,1.751751751751751840e+01,-1.000000000000000000e+00
2.252252252252252163e+01,1.747747747747747837e+01,-1.000000000000000000e+00
2.256256256256256165e+01,1.743743743743743835e+01,-1.000000000000000000e+00
2.260260260260260168e+01,1.739739739739739832e+01,-1.000000000000000000e+00
2.264264264264264170e+01,1.735735735735735830e+01,-1.000000000000000000e+00
2.268268268268268173e+01,1.731731731731731827e+01,-1.000000000000000000e+00
2.272272272272272176e+01,1.727727727727727824e+01,-1.000000000000000000e+00
2.276276276276276178e+01,1.723723723723723822e+01,-1.000000000000000000e+00
2.280280280280280181e+01,1.719719719719719819e+01,-1.000000000000000000e+00
2.284284284284284183e+01,1.715715715715715817e+01,-1.000000000000000000e+00
2.288288288288288186e+01,1.711711711711711814e+01,-1.000000000000000000e+00
2.292292292292292188e+01,1.707707707707707812e+01,-1.000000000000000000e+00
2.296296296296296191e+01,1.703703703703703809e+01,-1.000000000000000000e+00
2.300300300300300194e+01,1.699699699699699806e+01,-1.000000000000000000e+00
2.304304304304304196e+01,1.695695695695695804e+01,-1.000000000000000000e+00
2.308308308308308199e+01,1.691691691691691801e+01,-1.000000000000000000e+00
2.312312312312312201e+01,1.687687687687687799e+01,-1.000000000000000000e+00
2.316316316316316204e+01,1.683683683683683796e+01,-1.000000000000000000e+00
2.320320320320320207e+01,1.679679679679679793e+01,-1.000000000000000000e+00
2.324324324324324209e+01,1.675675675675675791e+01,-1.000000000000000000e+00
2.328328328328328212e+01,1.671671671671671788e+01,-1.000000000000000000e+00
2.332332332332332214e+01,1.667667667667667786e+01,-1.000000000000000000e+00
2.336336336336336217e+01,1.663663663663663783e+01,-1.000000000000000000e+00
2.340340340340340219e+01,1.659659659659659781e+01,-1.000000000000000000e+00
2.344344344344344222e+01,1.655655655655655778e+01,-1.000000000000000000e+00
2.348348348348348225e+01,1.651651651651651775e+01,-1.000000000000000000e+00
2.352352352352352227e+01,1.647647647647647773e+01,-1.000000000000000000e+00
2.356356356356356230e+01,1.643643643643643770e+01,-1.000000000000000000e+00
2.360360360360360232e+01,1.639639639639639768e+01,-1.000000000000000000e+00
2.364364364364364235e+01,1.635635635635635765e+01,-1.000000000000000000e+00
2.368368368368368237e+01,1.631631631631631763e+01,-1.000000000000000000e+00
2.372372372372372240e+01,1.627627627627627760e+01,-1.000000000000000000e+00
2.376376376376376243e+01,1.623623623623623757e+01,-1.000000000000000000e+00
2.380380380380380245e+01,1.619619619619619755e+01,-1.000000000000000000e+00
2.384384384384384248e+01,1.615615615615615752e+01,-1.000000000000000000e+00
2.388388388388388250e+01,1.611611611611611750e+01,-1.000000000000000000e+00
2.392392392392392253e+01,1.607607607607607747e+01,-1.000000000000000000e+00
2.396396396396396256e+01,1.603603603603603744e+01,-1.000000000000000000e+00
2.400400400400400258e+01,1.599599599599599742e+01,-1.000000000000000000e+00
2.404404404404404261e+01,1.595595595595595739e+01,-1.000000000000000000e+00
2.408408408408408263e+01,1.591591591591591737e+01,-1.000000000000000000e+00
2.412412412412412266e+01,1.587587587587587734e+01,-1.000000000000000000e+00
2.416416416416416268e+01,1.583583583583583732e+01,-1.000000000000000000e+00
2.420420420420420271e+01,1.579579579579579729e+01,-1.000000000000000000e+00
2.424424424424424274e+01,1.575575575575575726e+01,-1.000000000000000000e+00
2.428428428428428276e+01,1.571571571571571724e+01,-1.000000000000000000e+00
2.432432432432432279e+01,1.567567567567567721e+01,-1.000000000000000000e+00
2.436436436436436281e+01,1.563563563563563719e+01,-1.000000000000000000e+00
2.440440440440440284e+01,1.559559559559559716e+01,-1.000000000000000000e+00
2.444444444444444287e+01,1.555555555555555713e+01,-1.000000000000000000e+00
2.448448448448448289e+01,1.551551551551551711e+01,-1.000000000000000000e+00
2.452452452452452292e+01,1.547547547547547708e+01,-1.000000000000000000e+00
2.456456456456456294e+01,1.543543543543543706e+01,-1.000000000000000000e+00
2.460460460460460297e+01,1.539539539539539703e+01,-1.000000000000000000e+00
2.464464464464464299e+01,1.535535535535535701e+01,-1.000000000000000000e+00
2.468468468468468302e+01,1.531531531531531698e+01,-1.000000000000000000e+00
2.472472472472472305e+01,1.527527527527527695e+01,-1.000000000000000000e+00
2.476476476476476307e+01,1.523523523523523693e+01,-1.000000000000000000e+00
2.480480480480480310e+01,1.519519519519519690e+01,-1.000000000000000000e+00
2.484484484484484312e+01,1.515515515515515688e+01,-1.000000000000000000e+00
2.488488488488488315e+01,1.511511511511511685e+01,-1.000000000000000000e+00
2.492492492492492318e+01,1.507507507507507682e+01,-1.000000000000000000e+00
2.496496496496496320e+01,1.503503503503503680e+01,-1.000000000000000000e+00
2.500500500500500323e+01,1.499499499499499677e+01,-1.000000000000000000e+00
2.504504504504504325e+01,1.495495495495495675e+01,-1.000000000000000000e+00
2.508508508508508328e+01,1.491491491491491672e+01,-1.000000000000000000e+00
2.512512512512512330e+01,1.487487487487487670e+01,-1.000000000000000000e+00
2.516516516516516333e+01,1.483483483483483667e+01,-1.000000000000000000e+00
2.520520520520520336e+01,1.479479479479479664e+01,-1.000000000000000000e+00
2.524524524524524338e+01,1.475475475475475662e+01,-1.000000000000000000e+00
2.528528528528528341e+01,1.471471471471471659e+01,-1.000000000000000000e+00
2.532532532532532343e+01,1.467467467467467657e+01,-1.000000000000000000e+00
2.536536536536536346e+01,1.463463463463463654e+01,-1.000000000000000000e+00
2.540540540540540349e+01,1.459459459459459651e+01,-1.000000000000000000e+00
2.544544544544544351e+01,1.455455455455455649e+01,-1.000000000000000000e+00
2.548548548548548354e+01,1.451451451451451646e+01,-1.000000000000000000e+00
2.552552552552552356e+01,1.447447447447447644e+01,-1.000000000000000000e+00
2.556556556556556359e+01,1.443443443443443641e+01,-1.000000000000000000e+00
2.560560560560560361e+01,1.439439439439439639e+01,-1.000000000000000000e+00
2.564564564564564364e+01,1.435435435435435636e+01,-1.000000000000000000e+00
2.568568568568568367e+01,1.431431431431431633e+01,-1.000000000000000000e+00
2.572572572572572369e+01,1.427427427427427631e+01,-1.000000000000000000e+00
2.576576576576576372e+01,1.423423423423423628e+01,-1.000000000000000000e+00
2.580580580580580374e+01,1.419419419419419626e+01,-1.000000000000000000e+00
2.584584584584584377e+01,1.415415415415415623e+01,-1.000000000000000000e+00
2.588588588588588379e+01,1.411411411411411621e+01,-1.000000000000000000e+00
2.592592592592592382e+01,1.407407407407407618e+01,-1.000000000000000000e+00
2.596596596596596385e+01,1.403403403403403615e+01,-1.000000000000000000e+00
2.600600600600600387e+01,1.399399399399399613e+01,-1.000000000000000000e+00
2.604604604604604390e+01,1.395395395395395610e+01,-1.000000000000000000e+00
2.608608608608608392e+01,1.391391391391391608e+01,-1.000000000000000000e+00
2.612612612612612395e+01,1.387387387387387605e+01,-1.000000000000000000e+00
2.616616616616616398e+01,1.383383383383383602e+01,-1.000000000000000000e+00
2.620620620620620400e+01,1.379379379379379600e+01,-1.000000000000000000e+00
2.624624624624624403e+01,1.375375375375375597e+01,-1.000000000000000000e+00
2.628628628628628405e+01,1.371371371371371595e+01,-1.000000000000000000e+00
2.632632632632632408e+01,1.367367367367367592e+01,-1.000000000000000000e+00
2.636636636636636410e+01,1.363363363363363590e+01,-1.000000000000000000e+00
2.640640640640640413e+01,1.359359359359359587e+01,-1.000000000000000000e+00
2.644644644644644771e+01,1.355355355355355229e+01,-1.000000000000000000e+00
2.648648648648648773e+01,1.351351351351351227e+01,-1.000000000000000000e+00
2.652652652652652776e+01,1.347347347347347224e+01,-1.000000000000000000e+00
2.656656656656656779e+01,1.343343343343343221e+01,-1.000000000000000000e+00
2.660660660660660781e+01,1.339339339339339219e+01,-1.000000000000000000e+00
2.664664664664664784e+01,1.335335335335335216e+01,-1.000000000000000000e+00
2.668668668668668786e+01,1.331331331331331214e+01,-1.000000000000000000e+00
2.672672672672672789e+01,1.327327327327327211e+01,-1.000000000000000000e+00
2.676676676676676792e+01,1.323323323323323208e+01,-1.000000000000000000e+00
2.680680680680680794e+01,1.319319319319319206e+01,-1.000000000000000000e+00
2.684684684684684797e+01,1.315315315315315203e+01,-1.000000000000000000e+00
2.688688688688688799e+01,1.311311311311311201e+01,-1.000000000000000000e+00
2.692692692692692802e+01,1.307307307307307198e+01,-1.000000000000000000e+00
2.696696696696696804e+01,1.303303303303303196e+01,-1.000000000000000000e+00
2.700700700700700807e+01,1.299299299299299193e+01,-1.000000000000000000e+00
2.704704704704704810e+01,1.295295295295295190e+01,-1.000000000000000000e+00
2.708708708708708812e+01,1.291291291291291188e+01,-1.000000000000000000e+00
2.712712712712712815e+01,1.287287287287287185e+01,-1.000000000000000000e+00
2.716716716716716817e+01,1.283283283283283183e+01,-1.000000000000000000e+00
2.720720720720720820e+01,1.279279279279279180e+01,-1.000000000000000000e+00
2.724724724724724823e+01,1.275275275275275177e+01,-1.000000000000000000e+00
2.728728728728728825e+01,1.271271271271271175e+01,-1.000000000000000000e+00
2.732732732732732828e+01,1.267267267267267172e+01,-1.000000000000000000e+00
2.736736736736736830e+01,1.263263263263263170e+01,-1.000000000000000000e+00
2.740740740740740833e+01,1.259259259259259167e+01,-1.000000000000000000e+00
2.744744744744744835e+01,1.255255255255255165e+01,-1.000000000000000000e+00
2.748748748748748838e+01,1.251251251251251162e+01,-1.000000000000000000e+00
2.752752752752752841e+01,1.247247247247247159e+01,-1.000000000000000000e+00
2.756756756756756843e+01,1.243243243243243157e+01,-1.000000000000000000e+00
2.760760760760760846e+01,1.239239239239239154e+01,-1.000000000000000000e+00
2.764764764764764848e+01,1.235235235235235152e+01,-1.000000000000000000e+00
2.768768768768768851e+01,1.231231231231231149e+01,-1.000000000000000000e+00
2.772772772772772854e+01,1.227227227227227146e+01,-1.000000000000000000e+00
2.776776776776776856e+01,1.223223223223223144e+01,-1.000000000000000000e+00
2.780780780780780859e+01,1.219219219219219141e+01,-1.000000000000000000e+00
2.784784784784784861e+01,1.215215215215215139e+01,-1.000000000000000000e+00
2.788788788788788864e+01,1.211211211211211136e+01,-1.000000000000000000e+00
2.792792792792792866e+01,1.207207207207207134e+01,-1.000000000000000000e+00
2.796796796796796869e+01,1.203203203203203131e+01,-1.000000000000000000e+00
2.800800800800800872e+01,1.199199199199199128e+01,-1.000000000000000000e+00
2.804804804804804874e+01,1.195195195195195126e+01,-1.000000000000000000e+00
2.808808808808808877e+01,1.191191191191191123e+01,-1.000000000000000000e+00
2.812812812812812879e+01,1.187187187187187121e+01,-1.000000000000000000e+00
2.816816816816816882e+01,1.183183183183183118e+01,-1.000000000000000000e+00
2.820820820820820884e+01,1.179179179179179116e+01,-1.000000000000000000e+00
2.824824824824824887e+01,1.175175175175175113e+01,-1.000000000000000000e+00
2.828828828828828890e+01,1.171171171171171110e+01,-1.000000000000000000e+00
2.832832832832832892e+01,1.167167167167167108e+01,-1.000000000000000000e+00
2.836836836836836895e+01,1.163163163163163105e+01,-1.000000000000000000e+00
2.840840840840840897e+01,1.159159159159159103e+01,-1.000000000000000000e+00
2.844844844844844900e+01,1.155155155155155100e+01,-1.000000000000000000e+00
2.848848848848848903e+01,1.151151151151151097e+01,-1.000000000000000000e+00
2.852852852852852905e+01,1.147147147147147095e+01,-1.000000000000000000e+00
2.856856856856856908e+01,1.143143143143143092e+01,-1.000000000000000000e+00
2.860860860860860910e+01,1.139139139139139090e+01,-1.000000000000000000e+00
2.864864864864864913e+01,1.135135135135135087e+01,-1.000000000000000000e+00
2.868868868868868915e+01,1.131131131131131085e+01,-1.000000000000000000e+00
2.872872872872872918e+01,1.127127127127127082e+01,-1.000000000000000000e+00
2.876876876876876921e+01,1.123123123123123079e+01,-1.000000000000000000e+00
2.880880880880880923e+01,1.119119119119119077e+01,-1.000000000000000000e+00
2.884884884884884926e+01,1.115115115115115074e+01,-1.000000000000000000e+00
2.888888888888888928e+01,1.111111111111111072e+01,-1.000000000000000000e+00
2.892892892892892931e+01,1.107107107107107069e+01,-1.000000000000000000e+00
2.896896896896896934e+01,1.103103103103103066e+01,-1.000000000000000000e+00
2.900900900900900936e+01,1.099099099099099064e+01,-1.000000000000000000e+00
2.904904904904904939e+01,1.095095095095095061e+01,-1.000000000000000000e+00
2.908908908908908941e+01,1.091091091091091059e+01,-1.000000000000000000e+00
2.912912912912912944e+01,1.087087087087087056e+01,-1.000000000000000000e+00
2.916916916916916946e+01,1.083083083083083054e+01,-1.000000000000000000e+00
2.920920920920920949e+01,1.079079079079079051e+01,-1.000000000000000000e+00
2.924924924924924952e+01,1.075075075075075048e+01,-1.000000000000000000e+00
2.928928928928928954e+01,1.071071071071071046e+01,-1.000000000000000000e+00
2.932932932932932957e+01,1.067067067067067043e+01,-1.000000000000000000e+00
2.936936936936936959e+01,1.063063063063063041e+01,-1.000000000000000000e+00
2.940940940940940962e+01,1.059059059059059038e+01,-1.000000000000000000e+00
2.944944944944944965e+01,1.055055055055055035e+01,-1.000000000000000000e+00
2.948948948948948967e+01,1.051051051051051033e+01,-1.000000000000000000e+00
2.952952952952952970e+01,1.047047047047047030e+01,-1.000000000000000000e+00
2.956956956956956972e+01,1.043043043043043028e+01,-1.000000000000000000e+00
2.960960960960960975e+01,1.039039039039039025e+01,-1.000000000000000000e+00
2.964964964964964977e+01,1.035035035035035023e+01,-1.000000000000000000e+00
2.968968968968968980e+01,1.031031031031031020e+01,-1.000000000000000000e+00
2.972972972972972983e+01,1.027027027027027017e+01,-1.000000000000000000e+00
2.976976976976976985e+01,1.023023023023023015e+01,-1.000000000000000000e+00
2.980980980980980988e+01,1.019019019019019012e+01,-1.000000000000000000e+00
2.984984984984984990e+01,1.015015015015015010e+01,-1.000000000000000000e+00
2.988988988988988993e+01,1.011011011011011007e+01,-1.000000000000000000e+00
2.992992992992992995e+01,1.007007007007007005e+01,-1.000000000000000000e+00
2.996996996996996998e+01,1.003003003003003002e+01,-1.000000000000000000e+00
3.001001001001001001e+01,9.989989989989989994e+00,-1.000000000000000000e+00
3.005005005005005003e+01,9.949949949949949968e+00,-1.000000000000000000e+00
3.009009009009009006e+01,9.909909909909909942e+00,-1.000000000000000000e+00
3.013013013013013008e+01,9.869869869869869916e+00,-1.000000000000000000e+00
3.017017017017017011e+01,9.829829829829829890e+00,-1.000000000000000000e+00
3.021021021021021014e+01,9.789789789789789864e+00,-1.000000000000000000e+00
3.025025025025025016e+01,9.749749749749749839e+00,-1.000000000000000000e+00
3.029029029029029019e+01,9.709709709709709813e+00,-1.000000000000000000e+00
3.033033033033033021e+01,9.669669669669669787e+00,-1.000000000000000000e+00
3.037037037037037024e+01,9.629629629629629761e+00,-1.000000000000000000e+00
3.041041041041041026e+01,9.589589589589589735e+00,-1.000000000000000000e+00
3.045045045045045029e+01,9.549549549549549710e+00,-1.000000000000000000e+00
3.049049049049049032e+01,9.509509509509509684e+00,-1.000000000000000000e+00
3.053053053053053034e+01,9.469469469469469658e+00,-1.000000000000000000e+00
3.057057057057057037e+01,9.429429429429429632e+00,-1.000000000000000000e+00
3.061061061061061039e+01,9.389389389389389606e+00,-1.000000000000000000e+00
3.065065065065065042e+01,9.349349349349349581e+00,-1.000000000000000000e+00
3.069069069069069045e+01,9.309309309309309555e+00,-1.000000000000000000e+00
3.073073073073073047e+01,9.269269269269269529e+00,-1.000000000000000000e+00
3.077077077077077050e+01,9.229229229229229503e+00,-1.000000000000000000e+00
3.081081081081081052e+01,9.189189189189189477e+00,-1.000000000000000000e+00
3.085085085085085055e+01,9.149149149149149451e+00,-1.000000000000000000e+00
3.089089089089089057e+01,9.109109109109109426e+00,-1.000000000000000000e+00
3.093093093093093060e+01,9.069069069069069400e+00,-1.000000000000000000e+00
3.097097097097097063e+01,9.029029029029029374e+00,-1.000000000000000000e+00
3.101101101101101065e+01,8.988988988988989348e+00,-1.000000000000000000e+00
3.105105105105105068e+01,8.948948948948949322e+00,-1.000000000000000000e+00
3.109109109109109070e+01,8.908908908908909297e+00,-1.000000000000000000e+00
3.113113113113113073e+01,8.868868868868869271e+00,-1.000000000000000000e+00
3.117117117117117076e+01,8.828828828828829245e+00,-1.000000000000000000e+00
3.121121121121121078e+01,8.788788788788789219e+00,-1.000000000000000000e+00
3.125125125125125081e+01,8.748748748748749193e+00,-1.000000000000000000e+00
3.129129129129129083e+01,8.708708708708709167e+00,-1.000000000000000000e+00
3.133133133133133086e+01,8.668668668668669142e+00,-1.000000000000000000e+00
3.137137137137137088e+01,8.628628628628629116e+00,-1.000000000000000000e+00
3.141141141141141091e+01,8.588588588588589090e+00,-1.000000000000000000e+00
3.145145145145145094e+01,8.548548548548549064e+00,-1.000000000000000000e+00
3.149149149149149096e+01,8.508508508508509038e+00,-1.000000000000000000e+00
3.153153153153153099e+01,8.468468468468469013e+00,-1.000000000000000000e+00
3.157157157157157101e+01,8.428428428428428987e+00,-1.000000000000000000e+00
3.161161161161161104e+01,8.388388388388388961e+00,-1.000000000000000000e+00
3.165165165165165106e+01,8.348348348348348935e+00,-1.000000000000000000e+00
3.169169169169169109e+01,8.308308308308308909e+00,-1.000000000000000000e+00
3.173173173173173112e+01,8.268268268268268884e+00,-1.000000000000000000e+00
3.177177177177177114e+01,8.228228228228228858e+00,-1.000000000000000000e+00
3.181181181181181117e+01,8.188188188188188832e+00,-1.000000000000000000e+00
3.185185185185185119e+01,8.148148148148148806e+00,-1.000000000000000000e+00
3.189189189189189122e+01,8.108108108108108780e+00,-1.000000000000000000e+00
3.193193193193193125e+01,8.068068068068068754e+00,-1.000000000000000000e+00
3.197197197197197127e+01,8.028028028028028729e+00,-1.000000000000000000e+00
3.201201201201200774e+01,7.987987987987992256e+00,-1.000000000000000000e+00
3.205205205205204777e+01,7.947947947947952230e+00,-1.000000000000000000e+00
3.209209209209208780e+01,7.907907907907912204e+00,-1.000000000000000000e+00
3.213213213213212782e+01,7.867867867867872178e+00,-1.000000000000000000e+00
3.217217217217216785e+01,7.827827827827832152e+00,-1.000000000000000000e+00
3.221221221221220787e+01,7.787787787787792126e+00,-1.000000000000000000e+00
3.225225225225224790e+01,7.747747747747752101e+00,-1.000000000000000000e+00
3.229229229229228793e+01,7.707707707707712075e+00,-1.000000000000000000e+00
3.233233233233232795e+01,7.667667667667672049e+00,-1.000000000000000000e+00
3.237237237237236798e+01,7.627627627627632023e+00,-1.000000000000000000e+00
3.241241241241240800e+01,7.587587587587591997e+00,-1.000000000000000000e+00
3.245245245245244803e+01,7.547547547547551972e+00,-1.000000000000000000e+00
3.249249249249248805e+01,7.507507507507511946e+00,-1.000000000000000000e+00
3.253253253253252808e+01,7.467467467467471920e+00,-1.000000000000000000e+00
3.257257257257256811e+01,7.427427427427431894e+00,-1.000000000000000000e+00
3.261261261261260813e+01,7.387387387387391868e+00,-1.000000000000000000e+00
3.265265265265264816e+01,7.347347347347351842e+00,-1.000000000000000000e+00
3.269269269269268818e+01,7.307307307307311817e+00,-1.000000000000000000e+00
3.273273273273272821e+01,7.267267267267271791e+00,-1.000000000000000000e+00
3.277277277277276823e+01,7.227227227227231765e+00,-1.000000000000000000e+00
3.281281281281280826e+01,7.187187187187191739e+00,-1.000000000000000000e+00
3.285285285285285539e+01,7.147147147147144608e+00,-9.997494024266002643e-01
3.289289289289289542e+01,7.107107107107104582e+00,-9.976342190654811093e-01
3.293293293293293544e+01,7.067067067067064556e+00,-9.953663876251443998e-01
3.297297297297297547e+01,7.027027027027024531e+00,-9.930393028962550828e-01
3.301301301301301550e+01,6.987440309438906816e+00,-9.893397327957174081e-01
3.305305305305305552e+01,6.947993706617856979e+00,-9.848819134879149839e-01
3.309309309309309555e+01,6.908568394881319463e+00,-9.802746764414913550e-01
3.313313313313313557e+01,6.869375039842910979e+00,-9.760551602338718435e-01
3.317317317317317560e+01,6.830485261118199425e+00,-9.717745567427975573e-01
3.321321321321321562e+01,6.791644082338666344e+00,-9.673277357643471630e-01
3.325325325325325565e+01,6.752877417517530567e+00,-9.629562415382721952e-01
3.329329329329329568e+01,6.714500052329797519e+00,-9.588455923057822572e-01
3.333333333333333570e+01,6.676243627102318001e+00,-9.544745990082758036e-01
3.337337337337337573e+01,6.638036018095754720e+00,-9.499984423251612853e-01
3.341341341341341575e+01,6.600105565614109437e+00,-9.458979452863024440e-01
3.345345345345345578e+01,6.562378948740219542e+00,-9.416766897130288694e-01
3.349349349349349581e+01,6.524723856988377868e+00,-9.373468094016178531e-01
3.353353353353353583e+01,6.487199563000949354e+00,-9.331570508738066261e-01
3.357357357357357586e+01,6.449993544144980717e+00,-9.290305888318234340e-01
3.361361361361361588e+01,6.412916892128129653e+00,-9.247589695870046533e-01
3.365365365365365591e+01,6.375914390543393040e+00,-9.204425592806168011e-01
3.369369369369369593e+01,6.339178180230184090e+00,-9.163931105272841160e-01
3.373373373373373596e+01,6.302604457120055237e+00,-9.122533729650982304e-01
3.377377377377377599e+01,6.266116646282323899e+00,-9.080385597832516531e-01
3.381381381381381601e+01,6.229780243276149321e+00,-9.039660345753196546e-01
3.385385385385385604e+01,6.193741176464663489e+00,-8.998763954159700873e-01
3.389389389389389606e+01,6.157826269979982392e+00,-8.957074211290967369e-01
3.393393393393393609e+01,6.122008765851022716e+00,-8.915356920842347765e-01
3.397397397397397611e+01,6.086419144023325067e+00,-8.875311922649884444e-01
3.401401401401401614e+01,6.050980917653126845e+00,-8.834801615174775469e-01
3.405405405405405617e+01,6.015638555040788482e+00,-8.793770099476987401e-01
3.409409409409409619e+01,5.980464360596267070e+00,-8.753832770540126429e-01
3.413413413413413622e+01,5.945563908033844491e+00,-8.713635972609036218e-01
3.417417417417417624e+01,5.910789662958871205e+00,-8.672963569202036815e-01
3.421421421421421627e+01,5.876124050760942907e+00,-8.632385473094941197e-01
3.425425425425425630e+01,5.841654675421901644e+00,-8.592972440335533424e-01
3.429429429429429632e+01,5.807331582716856566e+00,-8.553362803653734581e-01
3.433433433433433635e+01,5.773111558613473804e+00,-8.513413522901570607e-01
3.437437437437437637e+01,5.739071887493019553e+00,-8.474152781056470962e-01
3.441441441441441640e+01,5.705286337685600451e+00,-8.434741940984870068e-01
3.445445445445445642e+01,5.671629836394090241e+00,-8.395061850925875646e-01
3.449449449449449645e+01,5.638085851150898442e+00,-8.355473413922194226e-01
3.453453453453453648e+01,5.604713648235315482e+00,-8.316764902761361045e-01
3.457457457457457650e+01,5.571483954426931895e+00,-8.278043301711488500e-01
3.461461461461461653e+01,5.538362383493735663e+00,-8.239123147548417236e-01
3.465465465465465655e+01,5.505429321411883237e+00,-8.200539255565487684e-01
3.469469469469469658e+01,5.472736387634223654e+00,-8.161929956977020950e-01
3.473473473473473661e+01,5.440174125155831319e+00,-8.123206888803343739e-01
3.477477477477477663e+01,5.407724930553433396e+00,-8.084537699891917173e-01
3.481481481481481666e+01,5.375427965900249738e+00,-8.046558511510807365e-01
3.485485485485485668e+01,5.343269521444030445e+00,-8.008699319025909258e-01
3.489489489489489671e+01,5.311222355835262476e+00,-7.970749362056138709e-01
3.493493493493493673e+01,5.279368111759636051e+00,-7.932886315437986946e-01
3.497497497497497676e+01,5.247745554313191896e+00,-7.895071632948073015e-01
3.501501501501501679e+01,5.216254014281457074e+00,-7.857265746193881073e-01
3.505505505505505681e+01,5.184875208928476198e+00,-7.819486581841617046e-01
3.509509509509509684e+01,5.153632382115246102e+00,-7.782242142074214941e-01
3.513513513513513686e+01,5.122523199448835385e+00,-7.745213894555722511e-01
3.517517517517517689e+01,5.091526968023992517e+00,-7.708186067381783690e-01
3.521521521521521692e+01,5.060722547200116495e+00,-7.671095666180555162e-01
3.525525525525525694e+01,5.030148397701784901e+00,-7.634061053897177596e-01
3.529529529529529697e+01,4.999704390309538837e+00,-7.597131427390685365e-01
3.533533533533533699e+01,4.969372936356409198e+00,-7.560231169790930794e-01
3.537537537537537702e+01,4.939164085785158420e+00,-7.523722886136864352e-01
3.541541541541541704e+01,4.909082734831729411e+00,-7.487493249152500363e-01
3.545545545545545707e+01,4.879114604243884656e+00,-7.451343687638483093e-01
3.549549549549549710e+01,4.849329188761049458e+00,-7.415080548564799701e-01
3.553553553553553712e+01,4.819781997814096108e+00,-7.378811381466313657e-01
3.557557557557557715e+01,4.790362932092330439e+00,-7.342718759325591593e-01
3.561561561561561717e+01,4.761056403366228373e+00,-7.306688372061339587e-01
3.565565565565565720e+01,4.731862244562265118e+00,-7.270922928326600809e-01
3.569569569569569722e+01,4.702788047456432530e+00,-7.235462705565391950e-01
3.573573573573573725e+01,4.673825904234871764e+00,-7.200148361925027274e-01
3.577577577577577728e+01,4.645026287061526205e+00,-7.164763343696898268e-01
3.581581581581581730e+01,4.616485356620480651e+00,-7.129251280769771659e-01
3.585585585585585733e+01,4.588069466649828954e+00,-7.093960467046540597e-01
3.589589589589589735e+01,4.559765600457010848e+00,-7.058781672273094498e-01
3.593593593593593738e+01,4.531567417502110118e+00,-7.023775489122967564e-01
3.597597597597597741e+01,4.503480656829049522e+00,-6.989062572694486608e-01
3.601601601601601743e+01,4.475503248073039231e+00,-6.954544258911387056e-01
3.605605605605605746e+01,4.447655074677215659e+00,-6.920068561867777079e-01
3.609609609609609748e+01,4.420099372795657011e+00,-6.885319242160109487e-01
3.613613613613613751e+01,4.392665501961069197e+00,-6.850802706360158423e-01
3.617617617617617753e+01,4.365342222688953555e+00,-6.816445165211126866e-01
3.621621621621621756e+01,4.338121126422273655e+00,-6.782220841650480336e-01
3.625625625625625759e+01,4.311003224945064716e+00,-6.748243521387899957e-01
3.629629629629629761e+01,4.283990265350865911e+00,-6.714488901758280948e-01
3.633633633633633764e+01,4.257075278418943398e+00,-6.680887059718693122e-01
3.637637637637637766e+01,4.230465514511572600e+00,-6.646961411990319757e-01
3.641641641641641769e+01,4.203993801113121265e+00,-6.613200760532023104e-01
3.645645645645645772e+01,4.177629360006235082e+00,-6.579632283946714733e-01
3.649649649649649774e+01,4.151365836730414038e+00,-6.546202132783573990e-01
3.653653653653653777e+01,4.125199064238917579e+00,-6.512962157095389948e-01
3.657657657657657779e+01,4.099131166852389541e+00,-6.479948440267635501e-01
3.661661661661661782e+01,4.073159171670932110e+00,-6.447116280946671996e-01
3.665665665665665784e+01,4.047426746170954992e+00,-6.414124593340503333e-01
3.669669669669669787e+01,4.021897202561241613e+00,-6.381116356682151602e-01
3.673673673673673790e+01,3.996471451258626573e+00,-6.348310544159306845e-01
3.677677677677677792e+01,3.971145133270582939e+00,-6.315666240851705027e-01
3.681681681681681795e+01,3.945911658910936204e+00,-6.283177089306702934e-01
3.685685685685685797e+01,3.920770649012272457e+00,-6.250892754549441932e-01
3.689689689689689800e+01,3.895722188942263298e+00,-6.218804268105182498e-01
3.693693693693693803e+01,3.870828180794382956e+00,-6.186754334017092738e-01
3.697697697697697805e+01,3.846219606151554338e+00,-6.154510345608548150e-01
3.701701701701701808e+01,3.821713665308027696e+00,-6.122451385933834755e-01
3.705705705705705810e+01,3.797303875838305309e+00,-6.090571914787702434e-01
3.709709709709709813e+01,3.772985051867951523e+00,-6.058845407193239607e-01
3.713713713713713815e+01,3.748753264482568959e+00,-6.027291933598275531e-01
3.717717717717717818e+01,3.724609665120060420e+00,-5.995930609657411647e-01
3.721721721721721821e+01,3.700551029304961936e+00,-5.964745929516208633e-01
3.725725725725725823e+01,3.676806279092946550e+00,-5.933339821367612510e-01
3.729729729729729826e+01,3.653200680142940193e+00,-5.902026648675263720e-01
3.733733733733733828e+01,3.629687196818192518e+00,-5.870894695333503943e-01
3.737737737737737831e+01,3.606263475373642446e+00,-5.839926168141147400e-01
3.741741741741741833e+01,3.582923914846693592e+00,-5.809112215710944271e-01
3.745745745745745836e+01,3.559667086778959710e+00,-5.778473196786388932e-01
3.749749749749749839e+01,3.536492399984413559e+00,-5.748012861451395894e-01
3.753753753753753841e+01,3.513504082820645635e+00,-5.717559886110124001e-01
3.757757757757757844e+01,3.490776842263898505e+00,-5.687004346619929374e-01
3.761761761761761846e+01,3.468141749695098586e+00,-5.656610846094749512e-01
3.765765765765765849e+01,3.445593247624253230e+00,-5.626386060163832692e-01
3.769769769769769852e+01,3.423127309256664752e+00,-5.596317105955694871e-01
3.773773773773773854e+01,3.400739723231008149e+00,-5.566404974601335542e-01
3.777777777777777857e+01,3.378430825729938025e+00,-5.536661080994842443e-01
3.781781781781781859e+01,3.356197785157087221e+00,-5.507084930702292880e-01
3.785785785785785862e+01,3.334289327702462558e+00,-5.477344157772802147e-01
3.789789789789789864e+01,3.312513277660980027e+00,-5.447692720751985407e-01
3.793793793793793867e+01,3.290820137402061807e+00,-5.418203293809999987e-01
3.797797797797797870e+01,3.269208465128935703e+00,-5.388872324739713005e-01
3.801801801801801872e+01,3.247673185019539055e+00,-5.359692429037048456e-01
3.805805805805805875e+01,3.226212043121812645e+00,-5.330666874552845158e-01
3.809809809809809877e+01,3.204824374562261102e+00,-5.301802250257904303e-01
3.813813813813813880e+01,3.183587745751532250e+00,-5.273004725999310693e-01
3.817817817817817883e+01,3.162647082439990154e+00,-5.244106385770662682e-01
3.821821821821821885e+01,3.141791819734968794e+00,-5.215350670299440106e-01
3.825825825825825888e+01,3.121014805132615422e+00,-5.186749620331857491e-01
3.829829829829829890e+01,3.100312824775202536e+00,-5.158300616132615035e-01
3.833833833833833893e+01,3.079681926658478730e+00,-5.129998591817989118e-01
3.837837837837837895e+01,3.059121488793932642e+00,-5.101845721531866884e-01
3.841841841841841898e+01,3.038629206717919473e+00,-5.073846549339858791e-01
3.845845845845845901e+01,3.018392950723598922e+00,-5.045810268754438166e-01
3.849849849849849903e+01,2.998354546166031920e+00,-5.017794899616835336e-01
3.853853853853853906e+01,2.978392850760193777e+00,-4.989922843734847513e-01
3.857857857857857908e+01,2.958504958244918548e+00,-4.962198366244219283e-01
3.861861861861861911e+01,2.938687002170265128e+00,-4.934619561256905484e-01
3.865865865865865914e+01,2.918935483267051101e+00,-4.907183259129725417e-01
3.869869869869869916e+01,2.899250398480142987e+00,-4.879890386085677934e-01
3.873873873873873919e+01,2.879628643162661650e+00,-4.852744077712425885e-01
3.877877877877877921e+01,2.860356246778986034e+00,-4.825496085391468570e-01
3.881881881881881924e+01,2.841191488878997529e+00,-4.798355701164309095e-01
3.885885885885885926e+01,2.822097468814720678e+00,-4.771355154843035518e-01
3.889889889889889929e+01,2.803073007756903490e+00,-4.744495581438277210e-01
3.893893893893893932e+01,2.784113582181872992e+00,-4.717776087195253987e-01
3.897897897897897934e+01,2.765216977055070746e+00,-4.691193709285876867e-01
3.901901901901901937e+01,2.746382433604112716e+00,-4.664749115847171557e-01
3.905905905905905939e+01,2.727654020411318658e+00,-4.638409186346512669e-01
3.909909909909909942e+01,2.709257941563373517e+00,-4.612007544736321241e-01
3.913913913913913944e+01,2.690940024306433198e+00,-4.585732220263203374e-01
3.917917917917917947e+01,2.672688880668236067e+00,-4.559591291727235762e-01
3.921921921921921950e+01,2.654502414153375067e+00,-4.533585798603813055e-01
3.925925925925925952e+01,2.636376882118831144e+00,-4.507714723157565939e-01
3.929929929929929955e+01,2.618310655143861965e+00,-4.481975353330274747e-01
3.933933933933933957e+01,2.600302449375229585e+00,-4.456367952886525763e-01
3.937937937937937960e+01,2.582447869648832217e+00,-4.430831844448597789e-01
3.941941941941941963e+01,2.564880545040554516e+00,-4.405285833572887833e-01
3.945945945945945965e+01,2.547384145791683707e+00,-4.379864770200553314e-01
3.949949949949949968e+01,2.529950915121967903e+00,-4.354572626216083320e-01
3.953953953953953970e+01,2.512578015047666646e+00,-4.329410359085886784e-01
3.957957957957957973e+01,2.495262128227382359e+00,-4.304377037100475811e-01
3.961961961961961975e+01,2.478002217354295933e+00,-4.279470085073994179e-01
3.965965965965965978e+01,2.460796691722673568e+00,-4.254689291249241778e-01
3.969969969969969981e+01,2.443775608634818575e+00,-4.229966109231788618e-01
3.973973973973973983e+01,2.427009299665319197e+00,-4.205267242371850123e-01
3.977977977977977986e+01,2.410309655422284258e+00,-4.180689709286076750e-01
3.981981981981981988e+01,2.393669565840921276e+00,-4.156235848873610639e-01
3.985985985985985991e+01,2.377086082117404242e+00,-4.131906268600138432e-01
3.989989989989989994e+01,2.360556055629272620e+00,-4.107700231143157077e-01
3.993993993993993996e+01,2.344078868658791226e+00,-4.083615333389022384e-01
3.997997997997997999e+01,2.327652664121969028e+00,-4.059650953386917394e-01
4.002002002002002001e+01,2.311421517888814225e+00,-4.035745550016174854e-01
4.006006006006006004e+01,2.295431149324995701e+00,-4.011883477435066458e-01
4.010010010010010006e+01,2.279503636428135582e+00,-3.988138806675275982e-01
4.014014014014014009e+01,2.263632462721290484e+00,-3.964512721023430442e-01
4.018018018018018012e+01,2.247814612963057623e+00,-3.941005407389804316e-01
4.022022022022022014e+01,2.232047038360238655e+00,-3.917616283906515950e-01
4.026026026026026017e+01,2.216329204596167557e+00,-3.894343254615930117e-01
4.030030030030030019e+01,2.200659342519672546e+00,-3.871185305038274405e-01
4.034034034034034022e+01,2.185174084996647892e+00,-3.848096654387385129e-01
4.038038038038038025e+01,2.169934477230082592e+00,-3.825060876398151399e-01
4.042042042042042027e+01,2.154755164553743274e+00,-3.802138253015390212e-01
4.046046046046046030e+01,2.139629032707436984e+00,-3.779329352916791507e-01
4.050050050050050032e+01,2.124553321317270704e+00,-3.756633910977449919e-01
4.054054054054054035e+01,2.109525074568648684e+00,-3.734051387799324773e-01
4.058058058058058037e+01,2.094543532969782795e+00,-3.711580068851198511e-01
4.062062062062062040e+01,2.079607241501796988e+00,-3.689218621157517308e-01
4.066066066066066043e+01,2.064823789497546080e+00,-3.666940089925493362e-01
4.070070070070070045e+01,2.050310544599424301e+00,-3.644719648387194089e-01
4.074074074074074048e+01,2.035855409097212299e+00,-3.622608167749534758e-01
4.078078078078078050e+01,2.021450620418219657e+00,-3.600605737496770931e-01
4.082082082082082053e+01,2.007093838221372550e+00,-3.578711674800182374e-01
4.086086086086086056e+01,1.992781986207887268e+00,-3.556925379246752561e-01
4.090090090090090058e+01,1.978513919581441849e+00,-3.535245502091123315e-01
4.094094094094094061e+01,1.964288706099487580e+00,-3.513670578093039398e-01
4.098098098098098063e+01,1.950165263974465324e+00,-3.492190027627149473e-01
4.102102102102102066e+01,1.936352259933274089e+00,-3.470773865465225927e-01
4.106106106106106068e+01,1.922597805657624281e+00,-3.449462339027496438e-01
4.110110110110110071e+01,1.908890769585290137e+00,-3.428255400422586252e-01
4.114114114114114074e+01,1.895230007607541678e+00,-3.407151995347895146e-01
4.118118118118118076e+01,1.881611858938094572e+00,-3.386151425145827454e-01
4.122122122122122079e+01,1.868034638689397342e+00,-3.365252572810512044e-01
4.126126126126126081e+01,1.854498082420240390e+00,-3.344453980545157301e-01
4.130130130130130084e+01,1.841002182456224601e+00,-3.323754320445935218e-01
4.134134134134134086e+01,1.827855095348769554e+00,-3.303131108170244690e-01
4.138138138138138089e+01,1.814777775184512443e+00,-3.282608031735571030e-01
4.142142142142142092e+01,1.801745695559133997e+00,-3.262185197353820731e-01
4.146146146146146094e+01,1.788758143312811022e+00,-3.241861463391097486e-01
4.150150150150150097e+01,1.775811205741960608e+00,-3.221635877425786942e-01
4.154154154154154099e+01,1.762902389398262049e+00,-3.201507330081979630e-01
4.158158158158158102e+01,1.750032274761649465e+00,-3.181474593489480029e-01
4.162162162162162105e+01,1.737198236671720242e+00,-3.161536385499650881e-01
4.166166166166166107e+01,1.724618375585288854e+00,-3.141692449283427502e-01
4.170170170170170110e+01,1.712193975415501335e+00,-3.121945834200531844e-01
4.174174174174174112e+01,1.699814563001617040e+00,-3.102295415713481330e-01
4.178178178178178115e+01,1.687477166567099784e+00,-3.082739928552189479e-01
4.182182182182182117e+01,1.675178723125228863e+00,-3.063278165942652231e-01
4.186186186186186120e+01,1.662916560467966098e+00,-3.043908941571741855e-01
4.190190190190190123e+01,1.650690608751178123e+00,-3.024631204652822314e-01
4.194194194194194125e+01,1.638499443042640058e+00,-3.005443693491506862e-01
4.198198198198198128e+01,1.626445128224661252e+00,-2.986352769609680879e-01
4.202202202202202130e+01,1.614648304625082798e+00,-2.967369899702841374e-01
4.206206206206206133e+01,1.602898754432045658e+00,-2.948479780163238417e-01
4.210210210210210136e+01,1.591188568276557858e+00,-2.929680542038626267e-01
4.214214214214214138e+01,1.579516408694538576e+00,-2.910970989832628586e-01
4.218218218218218141e+01,1.567879249925719920e+00,-2.892349786345440599e-01
4.222222222222222143e+01,1.556275584367857956e+00,-2.873815765227881736e-01
4.226226226226226146e+01,1.544705305191621747e+00,-2.855367900342883902e-01
4.230230230230230148e+01,1.533165949089710933e+00,-2.837004775617591457e-01
4.234234234234234151e+01,1.521946112929733586e+00,-2.818768200537070112e-01
4.238238238238238154e+01,1.510802996225786732e+00,-2.800625617328658667e-01
4.242242242242242156e+01,1.499698027665482325e+00,-2.782570163100032135e-01
4.246246246246246159e+01,1.488630030695059059e+00,-2.764600692913987690e-01
4.250250250250250161e+01,1.477595831230460677e+00,-2.746715664082524100e-01
4.254254254254254164e+01,1.466592821658980084e+00,-2.728913621952452351e-01
4.258258258258258167e+01,1.455621666949734605e+00,-2.711193855383062234e-01
4.262262262262262169e+01,1.444680421606489684e+00,-2.693554981497745526e-01
4.266266266266266172e+01,1.433898503377175171e+00,-2.676023425948612644e-01
4.270270270270270174e+01,1.423335774323113867e+00,-2.658614207367981930e-01
4.274274274274274177e+01,1.412814612911289514e+00,-2.641289703812134126e-01
4.278278278278278179e+01,1.402328025421569313e+00,-2.624047375450401787e-01
4.282282282282282182e+01,1.391874585143167975e+00,-2.606885966553880718e-01
4.286286286286286185e+01,1.381451683794818308e+00,-2.589803958903141856e-01
4.290290290290290187e+01,1.371057920545613040e+00,-2.572800119570462507e-01
4.294294294294294190e+01,1.360693283001651821e+00,-2.555873638308677753e-01
4.298298298298298192e+01,1.350355454965358692e+00,-2.539022970358797426e-01
4.302302302302302195e+01,1.340311050143732086e+00,-2.522321721799061223e-01
4.306306306306306197e+01,1.330350276358798656e+00,-2.505714229291791106e-01
4.310310310310310200e+01,1.320423444408731051e+00,-2.489185663839075247e-01
4.314314314314314203e+01,1.310529151163042805e+00,-2.472734806661818774e-01
4.318318318318318205e+01,1.300664569383010116e+00,-2.456359968137680205e-01
4.322322322322322208e+01,1.290827382198964646e+00,-2.440059549957170892e-01
4.326326326326326210e+01,1.281017763212897398e+00,-2.423832885441750129e-01
4.330330330330330213e+01,1.271234488353411685e+00,-2.407678779635527011e-01
4.334334334334334216e+01,1.261549594693242682e+00,-2.391620625381355170e-01
4.338338338338338218e+01,1.252121856675095568e+00,-2.375713813585866863e-01
4.342342342342342221e+01,1.242733673493858104e+00,-2.359885211077858425e-01
4.346346346346346223e+01,1.233375737688462426e+00,-2.344130671917424857e-01
4.350350350350350226e+01,1.224048032247604390e+00,-2.328449507770403437e-01
4.354354354354354228e+01,1.214747241452758919e+00,-2.312839670872141318e-01
4.358358358358358231e+01,1.205471454953349175e+00,-2.297299683565478534e-01
4.362362362362362234e+01,1.196221394853760334e+00,-2.281829137273749530e-01
4.366366366366366236e+01,1.186995033130420873e+00,-2.266426508460588074e-01
4.370370370370370239e+01,1.177953357543886526e+00,-2.251155273176717320e-01
4.374374374374374241e+01,1.169078355633636601e+00,-2.236010301490198304e-01
4.378378378378378244e+01,1.160237129291659786e+00,-2.220938311643851359e-01
4.382382382382382247e+01,1.151424172654579747e+00,-2.205936284617305565e-01
4.386386386386386249e+01,1.142637965045419035e+00,-2.191002839456716866e-01
4.390390390390390252e+01,1.133876459147608040e+00,-2.176136409395054983e-01
4.394394394394394254e+01,1.125138389004015416e+00,-2.161335735853604501e-01
4.398398398398398257e+01,1.116423883612298162e+00,-2.146600247700791164e-01
4.402402402402402259e+01,1.107730882073739265e+00,-2.131928323271397308e-01
4.406406406406406262e+01,1.099286290325437454e+00,-2.117423226217622079e-01
4.410410410410410265e+01,1.090938356034121481e+00,-2.103017688855821909e-01
4.414414414414414267e+01,1.082619122307009407e+00,-2.088679887783493616e-01
4.418418418418418270e+01,1.074326559776542345e+00,-2.074408241752526416e-01
4.422422422422422272e+01,1.066058286656701215e+00,-2.060200916014754968e-01
4.426426426426426275e+01,1.057812486939077035e+00,-2.046056368435034412e-01
4.430430430430430278e+01,1.049588656683682064e+00,-2.031973738201381940e-01
4.434434434434434280e+01,1.041386429594048924e+00,-2.017952262165405020e-01
4.438438438438438283e+01,1.033205258097492862e+00,-2.003990986514663508e-01
4.442442442442442285e+01,1.025310809245897792e+00,-1.990226078109303409e-01
4.446446446446446288e+01,1.017464385394514448e+00,-1.976536945414324731e-01
4.450450450450450290e+01,1.009643738532850721e+00,-1.962911250001731778e-01
4.454454454454454293e+01,1.001847926916165754e+00,-1.949347919673941887e-01
4.458458458458458296e+01,9.940744940876053981e-01,-1.935845024516111013e-01
4.462462462462462298e+01,9.863215795777925399e-01,-1.922400924844271386e-01
4.466466466466466301e+01,9.785891511067795756e-01,-1.909015055462473520e-01
4.470470470470470303e+01,9.708765748621517311e-01,-1.895686528992563957e-01
4.474474474474474306e+01,9.632017581135503548e-01,-1.882424769009907739e-01
4.478478478478478308e+01,9.557956055225637071e-01,-1.869361064788238880e-01
4.482482482482482311e+01,9.484269280162208604e-01,-1.856365654024597911e-01
4.486486486486486314e+01,9.410819498865393706e-01,-1.843429855751499979e-01
4.490490490490490316e+01,9.337601120428126178e-01,-1.830552863119205287e-01
4.494494494494494319e+01,9.264589257005770850e-01,-1.817732619483658218e-01
4.498498498498498321e+01,9.191766199614119781e-01,-1.804967488748348559e-01
4.502502502502502324e+01,9.119133621876969187e-01,-1.792257079470048753e-01
4.506506506506506327e+01,9.046684048314682647e-01,-1.779600435434680605e-01
4.510510510510510329e+01,8.974646186997582431e-01,-1.767011022965547240e-01
4.514514514514514332e+01,8.905168062085950798e-01,-1.754622304217743622e-01
4.518518518518518334e+01,8.836032103807627269e-01,-1.742298086190554873e-01
4.522522522522522337e+01,8.767116337200854259e-01,-1.730030010249354322e-01
4.526526526526526339e+01,8.698416012578013001e-01,-1.717817329744069921e-01
4.530530530530530342e+01,8.629907329590240650e-01,-1.705657982699317343e-01
4.534534534534534345e+01,8.561573450385228101e-01,-1.693550332268339287e-01
4.538538538538538347e+01,8.493415674557376338e-01,-1.681494022889730988e-01
4.542542542542542350e+01,8.425427822829562041e-01,-1.669488183951033100e-01
4.546546546546546352e+01,8.357732162267490494e-01,-1.657540395927099564e-01
4.550550550550550355e+01,8.292579500266523684e-01,-1.645801627066160733e-01
4.554554554554554358e+01,8.227774385163616477e-01,-1.634126071867850194e-01
4.558558558558558360e+01,8.163176271307008847e-01,-1.622503542893938278e-01
4.562562562562562363e+01,8.098778585234874816e-01,-1.610933151898696902e-01
4.566566566566567076e+01,8.034559463884552999e-01,-1.599412908151005286e-01
4.570570570570571078e+01,7.970503559156577600e-01,-1.587941246505606419e-01
4.574574574574575081e+01,7.906609659262155976e-01,-1.576517662242498952e-01
4.578578578578579084e+01,7.842874281369403011e-01,-1.565141497465537268e-01
4.582582582582583086e+01,7.779281583656633137e-01,-1.553811139974839994e-01
4.586586586586587089e+01,7.718098567243505403e-01,-1.542689287287794253e-01
4.590590590590591091e+01,7.657409567689762442e-01,-1.531639774822985411e-01
4.594594594594595094e+01,7.596918660041017679e-01,-1.520640589704714551e-01
4.598598598598599096e+01,7.536614165184066794e-01,-1.509690477889289451e-01
4.602602602602603099e+01,7.476476873357090769e-01,-1.498787548024450578e-01
4.606606606606607102e+01,7.416493698499494469e-01,-1.487930406026191921e-01
4.610610610610611104e+01,7.356658497576878952e-01,-1.477118173602222084e-01
4.614614614614615107e+01,7.296971936857564733e-01,-1.466350531552284564e-01
4.618618618618619109e+01,7.237418790610872232e-01,-1.455625896005557363e-01
4.622622622622623112e+01,7.179710417487310536e-01,-1.445074986014024399e-01
4.626626626626627115e+01,7.122922728691520877e-01,-1.434628384908837873e-01
4.630630630630631117e+01,7.066335816298664474e-01,-1.424230481686283023e-01
4.634634634634635120e+01,7.009919420858043981e-01,-1.413878506331402163e-01
4.638638638638639122e+01,6.953663530376886781e-01,-1.403571251724237134e-01
4.642642642642643125e+01,6.897553503442006573e-01,-1.393307177971528643e-01
4.646646646646647127e+01,6.841577261894612461e-01,-1.383084907074144110e-01
4.650650650650651130e+01,6.785741029078736775e-01,-1.372904622031891897e-01
4.654654654654655133e+01,6.730030622960015974e-01,-1.362764788973863661e-01
4.658658658658659135e+01,6.675471815617899374e-01,-1.352748222041564585e-01
4.662662662662663138e+01,6.622378363874215079e-01,-1.342881502354474066e-01
4.666666666666667140e+01,6.569495010057985196e-01,-1.333062634838488025e-01
4.670670670670671143e+01,6.516766252349411870e-01,-1.323286553496167139e-01
4.674674674674675146e+01,6.464197107604247039e-01,-1.313553385989354449e-01
4.678678678678679148e+01,6.411764824819019548e-01,-1.303860845969566085e-01
4.682682682682683151e+01,6.359454772247982168e-01,-1.294207279776693476e-01
4.686686686686687153e+01,6.307274994354743480e-01,-1.284593119010501716e-01
4.690690690690691156e+01,6.255215966631268998e-01,-1.275017195774089396e-01
4.694694694694695158e+01,6.203528599290794032e-01,-1.265500527138475606e-01
4.698698698698699161e+01,6.153907914362546361e-01,-1.256188850630451659e-01
4.702702702702703164e+01,6.104530328881336843e-01,-1.246926488451130244e-01
4.706706706706707166e+01,6.055305035453758533e-01,-1.237705077180685370e-01
4.710710710710711169e+01,6.006228083953208952e-01,-1.228523968366199426e-01
4.714714714714715171e+01,5.957281114045402948e-01,-1.219381197865995470e-01
4.718718718718719174e+01,5.908453207003429020e-01,-1.210275460456073232e-01
4.722722722722723177e+01,5.859741262438630249e-01,-1.201206181613515556e-01
4.726726726726727179e+01,5.811145339723896575e-01,-1.192173081339697738e-01
4.730730730730731182e+01,5.762652613229414245e-01,-1.183174680153028929e-01
4.734734734734735184e+01,5.715729498239998652e-01,-1.174342724900949569e-01
4.738738738738739187e+01,5.669656360137378392e-01,-1.165613472988885208e-01
4.742742742742743189e+01,5.623751109978956109e-01,-1.156925173064723283e-01
4.746746746746747192e+01,5.577977819661652514e-01,-1.148274155063246649e-01
4.750750750750751195e+01,5.532334661020485989e-01,-1.139659973951493016e-01
4.754754754754755197e+01,5.486807000687431435e-01,-1.131080967194578041e-01
4.758758758758759200e+01,5.441381810829922783e-01,-1.122535585057923557e-01
4.762762762762763202e+01,5.396066672822525945e-01,-1.114024312865116578e-01
4.766766766766767205e+01,5.350852253195812480e-01,-1.105545987563885807e-01
4.770770770770771207e+01,5.306144303052624522e-01,-1.097138431245999607e-01
4.774774774774775210e+01,5.263171664588639498e-01,-1.088918110800928679e-01
4.778778778778779213e+01,5.220397515341480554e-01,-1.080740420145842179e-01
4.782782782782783215e+01,5.177751783178540235e-01,-1.072598261351770943e-01
4.786786786786787218e+01,5.135232600147813242e-01,-1.064491210270382543e-01
4.790790790790791220e+01,5.092823142225444411e-01,-1.056417349565354769e-01
4.794794794794795223e+01,5.050513834923954226e-01,-1.048375459690870648e-01
4.798798798798799226e+01,5.008302194592276768e-01,-1.040365057523345155e-01
4.802802802802803228e+01,4.966188679148850760e-01,-1.032385948270249515e-01
4.806806806806807231e+01,4.924161890922584828e-01,-1.024436739194039547e-01
4.810810810810811233e+01,4.883444876887201302e-01,-1.016637496715914607e-01
4.814814814814815236e+01,4.843609328638068257e-01,-1.008946976744604512e-01
4.818818818818819238e+01,4.803923655464100162e-01,-1.001292923598146589e-01
4.822822822822823241e+01,4.764348265472747035e-01,-9.936710378235401320e-02
4.826826826826827244e+01,4.724887702907441533e-01,-9.860815811392838193e-02
4.830830830830831246e+01,4.685524772678261729e-01,-9.785225456717093484e-02
4.834834834834835249e+01,4.646247758907164349e-01,-9.709924413330882353e-02
4.838838838838839251e+01,4.607063929007610414e-01,-9.634918585043975026e-02
4.842842842842843254e+01,4.567965949754609345e-01,-9.560197854766536163e-02
4.846846846846847257e+01,4.528986916095357751e-01,-9.485793325807700960e-02
4.850850850850851259e+01,4.491840734576506566e-01,-9.413460930921598024e-02
4.854854854854855262e+01,4.454934861400349777e-01,-9.341576667225184871e-02
4.858858858858859264e+01,4.418144293647220389e-01,-9.270007442486485894e-02
4.862862862862863267e+01,4.381460543845724365e-01,-9.198742382340983903e-02
4.866866866866867269e+01,4.344872945676850340e-01,-9.127767717392408497e-02
4.870870870870871272e+01,4.308373451025017120e-01,-9.057072884298404680e-02
4.874874874874875275e+01,4.271953180448197496e-01,-8.986646105879554647e-02
4.878878878878879277e+01,4.235617525397811778e-01,-8.916491260668810148e-02
4.882882882882883280e+01,4.199357723909033502e-01,-8.846596920343385850e-02
4.886886886886887282e+01,4.163634591574141286e-01,-8.777449536622609905e-02
4.890890890890891285e+01,4.129311537898940898e-01,-8.709972923372272247e-02
4.894894894894895288e+01,4.095141761631890809e-01,-8.642842382261392564e-02
4.898898898898899290e+01,4.061071940378426781e-01,-8.575997459286492652e-02
4.902902902902903293e+01,4.027101110682727025e-01,-8.509435250635709325e-02
4.906906906906907295e+01,3.993214983347445068e-01,-8.443137921899580844e-02
4.910910910910911298e+01,3.959406442890288647e-01,-8.377095628214328848e-02
4.914914914914915300e+01,3.925672000611318824e-01,-8.311302642750530156e-02
4.918918918918919303e+01,3.892014043177836058e-01,-8.245759856101504692e-02
4.922922922922923306e+01,3.858422808138318172e-01,-8.180454468807096813e-02
4.926926926926927308e+01,3.825667831772737726e-01,-8.116231194415571282e-02
4.930930930930931311e+01,3.793935767769639478e-01,-8.053302095924702586e-02
4.934934934934935313e+01,3.762330835648890481e-01,-7.990679649960956421e-02
4.938938938938939316e+01,3.730813326010032904e-01,-7.928316654965288091e-02
4.942942942942943318e+01,3.699387582874084091e-01,-7.866216601725627144e-02
4.946946946946947321e+01,3.668037950546098602e-01,-7.804359659383795778e-02
4.950950950950951324e+01,3.636756940920954362e-01,-7.742735337881204161e-02
4.954954954954955326e+01,3.605544651261896050e-01,-7.681342206740227052e-02
4.958958958958959329e+01,3.574401074394972233e-01,-7.620178667704287367e-02
4.962962962962963331e+01,3.543317371134220295e-01,-7.559232709942462214e-02
4.966966966966967334e+01,3.513217981958466352e-01,-7.499554555413348589e-02
4.970970970970971337e+01,3.483902144766962694e-01,-7.440921896099798871e-02
4.974974974974975339e+01,3.454699431682325961e-01,-7.382569763857121936e-02
4.978978978978979342e+01,3.425574829289285694e-01,-7.324455164354980174e-02
4.982982982982983344e+01,3.396534727578762736e-01,-7.266584312774299059e-02
4.986986986986987347e+01,3.367563345492277649e-01,-7.208936828631014315e-02
4.990990990990991349e+01,3.338653623479290178e-01,-7.151502589170687096e-02
4.994994994994995352e+01,3.309806912207248208e-01,-7.094281830392643040e-02
4.998998998998999355e+01,3.281022425552142519e-01,-7.037272172040930085e-02
5.003003003003003357e+01,3.252292175997868462e-01,-6.980462515186305894e-02
5.007007007007007360e+01,3.224554050776375913e-01,-6.924952438554772549e-02
5.011011011011011362e+01,3.197496169796509857e-01,-6.870381569180429582e-02
5.015015015015015365e+01,3.170541254679589693e-01,-6.816069863144078034e-02
5.019019019019019368e+01,3.143657355174178103e-01,-6.761976956835351327e-02
5.023023023023023370e+01,3.116850955671841006e-01,-6.708109547276781826e-02
5.027027027027027373e+01,3.090107109581888278e-01,-6.654447846758985985e-02
5.031031031031031375e+01,3.063419330474422830e-01,-6.600982345090607162e-02
5.035035035035035378e+01,3.036788886405298871e-01,-6.547713363875801162e-02
5.039039039039039380e+01,3.010215256122575345e-01,-6.494638950184049297e-02
5.043043043043043383e+01,2.983690955698486968e-01,-6.441748479686340567e-02
5.047047047047047386e+01,2.958046685824188837e-01,-6.390045039939722116e-02
5.051051051051051388e+01,2.933096204173504806e-01,-6.339308556986576748e-02
5.055055055055055391e+01,2.908242410853122406e-01,-6.288815110168188838e-02
5.059059059059059393e+01,2.883454167357385467e-01,-6.238524314657224040e-02
5.063063063063063396e+01,2.858736881325906198e-01,-6.188441883652107817e-02
5.067067067067067399e+01,2.834076968378881345e-01,-6.138549333319196638e-02
5.071071071071071401e+01,2.809468766574524379e-01,-6.088838149096717500e-02
5.075075075075075404e+01,2.784912249290378283e-01,-6.039307178657033620e-02
5.079079079079079406e+01,2.760408151067926807e-01,-5.989956171911805377e-02
5.083083083083083409e+01,2.735949220911780833e-01,-5.940774641132143263e-02
5.087087087087087411e+01,2.712156518184190568e-01,-5.892533300424492720e-02
5.091091091091091414e+01,2.689171225892530992e-01,-5.845412400964286603e-02
5.095095095095095417e+01,2.666278815389058199e-01,-5.798522027128517192e-02
5.099099099099099419e+01,2.643448638302540177e-01,-5.751821588723485257e-02
5.103103103103103422e+01,2.620682792392181049e-01,-5.705312721426131911e-02
5.107107107107107424e+01,2.597970048565402812e-01,-5.658979682100651054e-02
5.111111111111111427e+01,2.575305982548991013e-01,-5.612815569231924956e-02
5.115115115115115429e+01,2.552687784832258777e-01,-5.566815644164027632e-02
5.119119119119119432e+01,2.530118202316251064e-01,-5.520982425067894744e-02
5.123123123123123435e+01,2.507590882423544332e-01,-5.475306572153113699e-02
5.127127127127127437e+01,2.485439561236720274e-01,-5.430212313882947645e-02
5.131131131131131440e+01,2.464277509214590489e-01,-5.386486666396340939e-02
5.135135135135135442e+01,2.443214391969280586e-01,-5.342992519400487778e-02
5.139139139139139445e+01,2.422210967834970419e-01,-5.299677203530218927e-02
5.143143143143143448e+01,2.401265672903903636e-01,-5.256537696008208027e-02
5.147147147147147450e+01,2.380370571530166512e-01,-5.213562325737922803e-02
5.151151151151151453e+01,2.359521956901933781e-01,-5.170745283259143427e-02
5.155155155155155455e+01,2.338713380080895132e-01,-5.128076766659602631e-02
5.159159159159159458e+01,2.317949402454069219e-01,-5.085562018030052867e-02
5.163163163163163460e+01,2.297225624212403394e-01,-5.043194204149135940e-02
5.167167167167167463e+01,2.276562524970985324e-01,-5.000998734085178310e-02
5.171171171171171466e+01,2.257059201819530958e-01,-4.960415907021104714e-02
5.175175175175175468e+01,2.237697524558617534e-01,-4.920115087474412341e-02
5.179179179179179471e+01,2.218396970252753120e-01,-4.879988001491426808e-02
5.183183183183183473e+01,2.199146945992194735e-01,-4.840019484078266626e-02
5.187187187187187476e+01,2.179947305804204594e-01,-4.800208335709898327e-02
5.191191191191191479e+01,2.160790403749907329e-01,-4.760543284170926093e-02
5.195195195195195481e+01,2.141670087608125994e-01,-4.721014833952928008e-02
5.199199199199199484e+01,2.122589340967592775e-01,-4.681626272229480468e-02
5.203203203203203486e+01,2.103546674350260937e-01,-4.642374766120350299e-02
5.207207207207207489e+01,2.084536742737387316e-01,-4.603252035129448000e-02
5.211211211211211491e+01,2.066246881650591616e-01,-4.565179290559257669e-02
5.215215215215215494e+01,2.048461000040647240e-01,-4.527870218524834151e-02
5.219219219219219497e+01,2.030743928433562107e-01,-4.490739351431567716e-02
5.223223223223223499e+01,2.013072173540225440e-01,-4.453753213989738308e-02
5.227227227227227502e+01,1.995449531994325232e-01,-4.416916374300423886e-02
5.231231231231231504e+01,1.977866201161636583e-01,-4.380214266916003518e-02
5.235235235235235507e+01,1.960318845836737656e-01,-4.343641370390775164e-02
5.239239239239239510e+01,1.942805443472840898e-01,-4.307194085919206078e-02
5.243243243243243512e+01,1.925328448395394187e-01,-4.270875122731968704e-02
5.247247247247247515e+01,1.907882908714197689e-01,-4.234676687375032306e-02
5.251251251251251517e+01,1.890648302304849537e-01,-4.198843693965009782e-02
5.255255255255255520e+01,1.874313732062933835e-01,-4.164324594862443829e-02
5.259259259259259522e+01,1.858064612402713089e-01,-4.130001588558242925e-02
5.263263263263263525e+01,1.841862422148565770e-01,-4.095819601369653229e-02
5.267267267267267528e+01,1.825703233696773509e-01,-4.061772459244604450e-02
5.271271271271271530e+01,1.809583815011228114e-01,-4.027854722531809539e-02
5.275275275275275533e+01,1.793499626491042442e-01,-3.994059249806269918e-02
5.279279279279279535e+01,1.777444598558338973e-01,-3.960376434417296060e-02
5.283283283283283538e+01,1.761422499060449620e-01,-3.926811145766758576e-02
5.287287287287287540e+01,1.745431091820489333e-01,-3.893359449653564092e-02
5.291291291291291543e+01,1.729466167221568040e-01,-3.860014587042680939e-02
5.295295295295295546e+01,1.714148747744919377e-01,-3.827647153286094228e-02
5.299299299299299548e+01,1.699252728810103363e-01,-3.795942862896514031e-02
5.303303303303303551e+01,1.684414200611770995e-01,-3.764389629947884758e-02
5.307307307307307553e+01,1.669613088813596269e-01,-3.732957681597193211e-02
5.311311311311311556e+01,1.654852499225971940e-01,-3.701650930294326375e-02
5.315315315315315559e+01,1.640124104903655233e-01,-3.670456498025299191e-02
5.319319319319319561e+01,1.625425753609669455e-01,-3.639370647645580326e-02
5.323323323323323564e+01,1.610754587799489435e-01,-3.608388530771924896e-02
5.327327327327327566e+01,1.596113148337046372e-01,-3.577513213795931873e-02
5.331331331331331569e+01,1.581498042548404037e-01,-3.546739160818288689e-02
5.335335335335335571e+01,1.566947942844417463e-01,-3.516120716710349758e-02
5.339339339339339574e+01,1.553273702310016269e-01,-3.486820548497231859e-02
5.343343343343343577e+01,1.539692748952340429e-01,-3.457718896152198879e-02
5.347347347347347579e+01,1.526154506972175473e-01,-3.428741371583598346e-02
5.351351351351351582e+01,1.512649480687736081e-01,-3.399873372870423210e-02
5.355355355355355584e+01,1.499180062346561759e-01,-3.371117867005499202e-02
5.359359359359359587e+01,1.485738998234830688e-01,-3.342463441027331700e-02
5.363363363363363590e+01,1.472322624399876601e-01,-3.313903981443486191e-02
5.367367367367367592e+01,1.458931995277749361e-01,-3.285440558432253799e-02
5.371371371371371595e+01,1.445567554953799960e-01,-3.257073282085683197e-02
5.375375375375375597e+01,1.432225310063819090e-01,-3.228795606900505127e-02
5.379379379379379600e+01,1.419172804281042810e-01,-3.200997544697262859e-02
5.383383383383383602e+01,1.406741363300069436e-01,-3.174165684293436818e-02
5.387387387387387605e+01,1.394367825419623452e-01,-3.147476438389429365e-02
5.391391391391391608e+01,1.382028119181125392e-01,-3.120893001676924156e-02
5.395395395395395610e+01,1.369720661956303764e-01,-3.094412611765243876e-02
5.399399399399399613e+01,1.357442176756939456e-01,-3.068029662586722189e-02
5.403403403403403615e+01,1.345189683646122736e-01,-3.041739199452409698e-02
5.407407407407407618e+01,1.332958283439512337e-01,-3.015533089409834153e-02
5.411411411411411621e+01,1.320750922000463734e-01,-2.989415430335765067e-02
5.415415415415415623e+01,1.308566254010573027e-01,-2.963383691688760077e-02
5.419419419419419626e+01,1.296400838563232238e-01,-2.937432089095697724e-02
5.423423423423423628e+01,1.284670917632623199e-01,-2.912180075130800863e-02
5.427427427427427631e+01,1.273362166056232203e-01,-2.887608504657606864e-02
5.431431431431431633e+01,1.262099241968179242e-01,-2.863157144185249706e-02
5.435435435435435636e+01,1.250865464240597247e-01,-2.838799928201803102e-02
5.439439439439439639e+01,1.239661475728085355e-01,-2.814537380270323158e-02
5.443443443443443641e+01,1.228482053509901140e-01,-2.790360917990251238e-02
5.447447447447447644e+01,1.217325772587314198e-01,-2.766267962109306144e-02
5.451451451451451646e+01,1.206188251009825685e-01,-2.742251109177615276e-02
5.455455455455455649e+01,1.195072917754698844e-01,-2.718315368017238526e-02
5.459459459459459651e+01,1.183977256916693699e-01,-2.694456332037238958e-02
5.463463463463463654e+01,1.172898639657545539e-01,-2.670669496977585641e-02
5.467467467467467657e+01,1.162316879524960683e-01,-2.647682432741520903e-02
5.471471471471471659e+01,1.152036590447443887e-01,-2.625200611865526751e-02
5.475475475475475662e+01,1.141796173845868040e-01,-2.602825955805452424e-02
5.479479479479479664e+01,1.131581026952578894e-01,-2.580535211064831705e-02
5.483483483483483667e+01,1.121392932811890453e-01,-2.558330749367108276e-02
5.487487487487487670e+01,1.111226423979101430e-01,-2.536203508159867726e-02
5.491491491491491672e+01,1.101080530779606215e-01,-2.514151652022266273e-02
5.495495495495495675e+01,1.090951483631007329e-01,-2.492168686654402943e-02
5.499499499499499677e+01,1.080842461974965280e-01,-2.470259342729421229e-02
5.503503503503503680e+01,1.070750925728236741e-01,-2.448419162347648115e-02
5.507507507507507682e+01,1.060674429257825041e-01,-2.426643892711082343e-02
5.511511511511511685e+01,1.051084102479267618e-01,-2.405660725967092781e-02
5.515515515515515688e+01,1.041747828423687655e-01,-2.385112939682640029e-02
5.519519519519519690e+01,1.032447238257671596e-01,-2.364662188352665770e-02
5.523523523523523693e+01,1.023169219856285977e-01,-2.344287252651813813e-02
5.527527527527527695e+01,1.013915631288030833e-01,-2.323990715516150232e-02
5.531531531531531698e+01,1.004681401449454420e-01,-2.303764049361835958e-02
5.535535535535535701e+01,9.954657104855556271e-02,-2.283605671702406206e-02
5.539539539539539703e+01,9.862650336802460116e-02,-2.263509431662407909e-02
5.543543543543543706e+01,9.770823174216874962e-02,-2.243479808449858059e-02
5.547547547547547708e+01,9.679153066209873757e-02,-2.223512783565040341e-02
5.551551551551551711e+01,9.587618647281041795e-02,-2.203604595988035292e-02
5.555555555555555713e+01,9.500256353222361061e-02,-2.184388770681882155e-02
5.559559559559559716e+01,9.415547305468048578e-02,-2.165628326317207628e-02
5.563563563563563719e+01,9.331170273005862104e-02,-2.146957764400203236e-02
5.567567567567567721e+01,9.247001083398562193e-02,-2.128356665580507373e-02
5.571571571571571724e+01,9.163050939705372211e-02,-2.109826516421279413e-02
5.575575575575575726e+01,9.079278378238121727e-02,-2.091360217795918200e-02
5.579579579579579729e+01,8.995674348884842575e-02,-2.072956043806464810e-02
5.583583583583583732e+01,8.912203250259127796e-02,-2.054607725010185876e-02
5.587587587587587734e+01,8.828891521687894095e-02,-2.036319388429422284e-02
5.591591591591591737e+01,8.745724004311197786e-02,-2.018088205113760525e-02
5.595595595595595739e+01,8.662678812372924531e-02,-1.999910288398088626e-02
5.599599599599599742e+01,8.582661690697938883e-02,-1.982248959713110020e-02
5.603603603603603744e+01,8.505878419138154789e-02,-1.965138539043288432e-02
5.607607607607607747e+01,8.429415133610605737e-02,-1.948113154718773138e-02
5.611611611611611750e+01,8.353148903052584617e-02,-1.931152338557837536e-02
5.615615615615615752e+01,8.277074720223084880e-02,-1.914255008876054528e-02
5.619619619619619755e+01,8.201170631649644382e-02,-1.897417192059537572e-02
5.623623623623623757e+01,8.125418284601573782e-02,-1.880635605377343339e-02
5.627627627627627760e+01,8.049787269875194329e-02,-1.863904862190067166e-02
5.631631631631631763e+01,7.974292617027886609e-02,-1.847227205686075013e-02
5.635635635635635765e+01,7.898933603543246973e-02,-1.830602272380124976e-02
5.639639639639639768e+01,7.823687276054773487e-02,-1.814025947087883825e-02
5.643643643643643770e+01,7.750021560082404060e-02,-1.797735638437129163e-02
5.647647647647647773e+01,7.680450480764994259e-02,-1.782140142102262015e-02
5.651651651651651775e+01,7.611236117766341513e-02,-1.766633197266411631e-02
5.655655655655655778e+01,7.542214103258486346e-02,-1.751187189865792762e-02
5.659659659659659781e+01,7.473355027740188894e-02,-1.735797026515050606e-02
5.663663663663663783e+01,7.404666968105050318e-02,-1.720463779504972923e-02
5.667667667667667786e+01,7.336110807079948559e-02,-1.705180614871680198e-02
5.671671671671671788e+01,7.267669587880380699e-02,-1.689944396422067563e-02
5.675675675675675791e+01,7.199344310958617765e-02,-1.674755068533610725e-02
5.679679679679679793e+01,7.131145372718715458e-02,-1.659614157759346093e-02
5.683683683683683796e+01,7.063053165088384322e-02,-1.644518102456523148e-02
5.687687687687687799e+01,6.995088608671647112e-02,-1.629469995626328313e-02
5.691691691691691801e+01,6.931890462430082001e-02,-1.615233291147112615e-02
5.695695695695695804e+01,6.869291879235484011e-02,-1.601123116115964889e-02
5.699699699699699806e+01,6.806905090382742163e-02,-1.587074769214771169e-02
5.703703703703703809e+01,6.744653060059148386e-02,-1.573074904776738947e-02
5.707707707707707812e+01,6.682563346455466791e-02,-1.559128014582920711e-02
5.711711711711711814e+01,6.620592604130297321e-02,-1.545226425697275412e-02
5.715715715715715817e+01,6.558739740340194246e-02,-1.531369809362894026e-02
5.719719719719719819e+01,6.496981030253728973e-02,-1.517553803320517355e-02
5.723723723723723822e+01,6.435337600587548446e-02,-1.503781858947851081e-02
5.727727727727727824e+01,6.373793972037633537e-02,-1.490051095156011418e-02
5.731731731731731827e+01,6.312335538937058343e-02,-1.476358811660334266e-02
5.735735735735735830e+01,6.253429070179522542e-02,-1.463116492407588905e-02
5.739739739739739832e+01,6.196848308894446766e-02,-1.450287418521456137e-02
5.743743743743743835e+01,6.140502341239298389e-02,-1.437521880415366070e-02
5.747747747747747837e+01,6.084298438663757885e-02,-1.424803770318279830e-02
5.751751751751751840e+01,6.028231882774834349e-02,-1.412132100526045271e-02
5.755755755755755843e+01,5.972290345767896497e-02,-1.399504499424899032e-02
5.759759759759759845e+01,5.916456086956609073e-02,-1.386917733373867548e-02
5.763763763763763848e+01,5.860708958479351333e-02,-1.374368085811877513e-02
5.767767767767767850e+01,5.805056144836133469e-02,-1.361856625737824927e-02
5.771771771771771853e+01,5.749502029618605570e-02,-1.349383915392811557e-02
5.775775775775775855e+01,5.694030470771384994e-02,-1.336946990165545184e-02
5.779779779779779858e+01,5.638911284645647948e-02,-1.324591134078884937e-02
5.783783783783783861e+01,5.587692715703757029e-02,-1.312917430056051438e-02
5.787787787787787863e+01,5.536848259017353863e-02,-1.301329171965169909e-02
5.791791791791791866e+01,5.486173056000322873e-02,-1.289791055737329710e-02
5.795795795795795868e+01,5.435602905113394445e-02,-1.278291666014829027e-02
5.799799799799799871e+01,5.385163414989709019e-02,-1.266835333352006425e-02
5.803803803803803874e+01,5.334817482860833987e-02,-1.255415332615059977e-02
5.807807807807807876e+01,5.284565362030155949e-02,-1.244031603767163131e-02
5.811811811811811879e+01,5.234386784837769674e-02,-1.232680336664456269e-02
5.815815815815815881e+01,5.184299571313520649e-02,-1.221364547874309765e-02
5.819819819819819884e+01,5.134292096815926826e-02,-1.210082010516063365e-02
5.823823823823823886e+01,5.084352071589921807e-02,-1.198830404910931555e-02
5.827827827827827889e+01,5.036182448742688306e-02,-1.187901536182415195e-02
5.831831831831831892e+01,4.990317320715031979e-02,-1.177387914813689609e-02
5.835835835835835894e+01,4.944653612853468216e-02,-1.166928305913710745e-02
5.839839839839839897e+01,4.899107805173314595e-02,-1.156507787723123730e-02
5.843843843843843899e+01,4.853667925776681408e-02,-1.146124144159829140e-02
5.847847847847847902e+01,4.808335619763744184e-02,-1.135777485488527992e-02
5.851851851851851904e+01,4.763086291237594166e-02,-1.125463294818210801e-02
5.855855855855855907e+01,4.717908598850378832e-02,-1.115179380200291732e-02
5.859859859859859910e+01,4.672802930656160675e-02,-1.104925690095693615e-02
5.863863863863863912e+01,4.627776319494284613e-02,-1.094703307371716096e-02
5.867867867867867915e+01,4.582818585985671406e-02,-1.084510305431413309e-02
5.871871871871871917e+01,4.537916028662814655e-02,-1.074344055256951265e-02
5.875875875875875920e+01,4.495745292068398929e-02,-1.064669590244419692e-02
5.879879879879879923e+01,4.454613439808240843e-02,-1.055193383970902225e-02
5.883883883883883925e+01,4.413637352999880137e-02,-1.045761399837484562e-02
5.887887887887887928e+01,4.372755988176915687e-02,-1.036362602139731179e-02
5.891891891891891930e+01,4.331974324262408832e-02,-1.026997745487839321e-02
5.895895895895895933e+01,4.291276921380238890e-02,-1.017663909442949148e-02
5.899899899899899935e+01,4.250655727626920927e-02,-1.008359528447393301e-02
5.903903903903903938e+01,4.210093646287785263e-02,-9.990813611498934252e-03
5.907907907907907941e+01,4.169597905370946156e-02,-9.898306017502113419e-03
5.911911911911911943e+01,4.129171456037605131e-02,-9.806076463066285345e-03
5.915915915915915946e+01,4.088802489495954595e-02,-9.714102498257016008e-03
5.919919919919919948e+01,4.048558975649290542e-02,-9.622501426832226132e-03
5.923923923923923951e+01,4.011367385456606621e-02,-9.536423267581773180e-03
5.927927927927927954e+01,3.974516286973397289e-02,-9.451101205890813026e-03
5.931931931931931956e+01,3.937789158778144671e-02,-9.366149023361074188e-03
5.935935935935935959e+01,3.901138515431978177e-02,-9.281479357378030412e-03
5.939939939939939961e+01,3.864579241174461582e-02,-9.197118000585246048e-03
5.943943943943943964e+01,3.828089316852643920e-02,-9.113023645433889972e-03
5.947947947947947966e+01,3.791667324027535313e-02,-9.029192921385324061e-03
5.951951951951951969e+01,3.755295690876939846e-02,-8.945591920591760074e-03
5.955955955955955972e+01,3.718984699844253561e-02,-8.862238667340479464e-03
5.959959959959959974e+01,3.682733467594512949e-02,-8.779130473402797438e-03
5.963963963963963977e+01,3.646531726410841279e-02,-8.696247526703827085e-03
5.967967967967967979e+01,3.610724753721126362e-02,-8.614201688904116194e-03
5.971971971971971982e+01,3.577511236114432752e-02,-8.536912017426585148e-03
5.975975975975975985e+01,3.544520440215589291e-02,-8.460157218092748121e-03
5.979979979979979987e+01,3.511638082867504090e-02,-8.383729986622184480e-03
5.983983983983983990e+01,3.478820638359882839e-02,-8.307549298889655223e-03
5.987987987987987992e+01,3.446085426707279353e-02,-8.231646053088355341e-03
5.991991991991991995e+01,3.413409488492534505e-02,-8.155976667544754394e-03
5.995995995995995997e+01,3.380793156105085101e-02,-8.080541225619165824e-03
6.000000000000000000e+01,3.348221015568038361e-02,-8.005309647326749878e-03
